http://virginiabeachwebdevelopment.com/,200
http://virginiabeachwebdevelopment.com/#main-content,404
http://virginiabeachwebdevelopment.com/about,200
http://virginiabeachwebdevelopment.com/portfolio,200
http://virginiabeachwebdevelopment.com/contact-us,200
http://virginiabeachwebdevelopment.com/links,200
http://virginiabeachwebdevelopment.com/tweets,200
http://virginiabeachwebdevelopment.com/blog,200
http://virginiabeachwebdevelopment.com/about/,301
http://virginiabeachwebdevelopment.com/web-development-blog/,301
http://virginiabeachwebdevelopment.com/web-development-blog/ruby-website-link-scrapper,200
http://virginiabeachwebdevelopment.com/web-development-blog/ruby-header-http-response-code-checker,200
http://virginiabeachwebdevelopment.com/web-development-blog/benefits-automated-website-scaffolding,200
http://virginiabeachwebdevelopment.com/web-development-blog/python-http-header-response-code-checker,200
http://virginiabeachwebdevelopment.com/web-development-blog/bash-page-http-code-response-checker,200
http://virginiabeachwebdevelopment.com/web-development-blog/where-position-facebook-widgets-within-your-page,200
http://virginiabeachwebdevelopment.com/web-development-blog/using-git-manage-your-website,200
http://virginiabeachwebdevelopment.com/web-development-blog/bash-mass-file-name-changer,200
http://virginiabeachwebdevelopment.com/web-development-blog/generating-bing-merchant-services-product-feed-magento,200
http://virginiabeachwebdevelopment.com/web-development-blog/selecting-php-your-web-development-platform,200
http://virginiabeachwebdevelopment.com/sitemap,200
http://virginiabeachwebdevelopment.com/portfolio/,301
http://virginiabeachwebdevelopment.com/contact-us/,301
http://virginiabeachwebdevelopment.com/portfolio/clients,200
http://virginiabeachwebdevelopment.com/portfolio/code-samples,200
http://virginiabeachwebdevelopment.com/portfolio/customer-magnetism,200
http://virginiabeachwebdevelopment.com/portfolio/insercorp,200
http://virginiabeachwebdevelopment.com/portfolio/studio-center-total-production,200
http://virginiabeachwebdevelopment.com/portfolio/target-electronic-marketing,200
http://virginiabeachwebdevelopment.com/portfolio/clients/,301
http://virginiabeachwebdevelopment.com/portfolio/studio-center-total-production/,301
http://virginiabeachwebdevelopment.com/portfolio/insercorp/,301
http://virginiabeachwebdevelopment.com/portfolio/customer-magnetism/,301
http://virginiabeachwebdevelopment.com/portfolio/target-electronic-marketing/,301
http://virginiabeachwebdevelopment.com/portfolio/code-samples/,301
http://virginiabeachwebdevelopment.com/#,404
http://virginiabeachwebdevelopment.com/tweets?page=1,200
http://virginiabeachwebdevelopment.com/tweets?page=2,200
http://virginiabeachwebdevelopment.com/tweets?page=3,200
http://virginiabeachwebdevelopment.com/tweets?page=4,200
http://virginiabeachwebdevelopment.com/tweets?page=5,200
http://virginiabeachwebdevelopment.com/tweets?page=6,200
http://virginiabeachwebdevelopment.com/tweets?page=7,200
http://virginiabeachwebdevelopment.com/tweets?page=8,200
http://virginiabeachwebdevelopment.com/blogs/rob,200
http://virginiabeachwebdevelopment.com/comment/reply/110#comment-form,200
http://virginiabeachwebdevelopment.com/comment/reply/109#comment-form,200
http://virginiabeachwebdevelopment.com/comment/reply/108#comment-form,200
http://virginiabeachwebdevelopment.com/comment/reply/107#comment-form,200
http://virginiabeachwebdevelopment.com/comment/reply/106#comment-form,200
http://virginiabeachwebdevelopment.com/comment/reply/104#comment-form,200
http://virginiabeachwebdevelopment.com/comment/reply/103#comment-form,200
http://virginiabeachwebdevelopment.com/comment/reply/102#comment-form,200
http://virginiabeachwebdevelopment.com/comment/reply/101#comment-form,200
http://virginiabeachwebdevelopment.com/comment/reply/100#comment-form,200
http://virginiabeachwebdevelopment.com/blog?page=1,200
http://virginiabeachwebdevelopment.com/blog?page=2,200
http://virginiabeachwebdevelopment.com/blog?page=3,200
http://virginiabeachwebdevelopment.com/blog?page=4,200
http://virginiabeachwebdevelopment.com/blog?page=5,200
http://virginiabeachwebdevelopment.com/blog?page=6,200
http://virginiabeachwebdevelopment.com/blog?page=7,200
http://virginiabeachwebdevelopment.com/blog?page=8,200
http://virginiabeachwebdevelopment.com/filter/tips,200
http://virginiabeachwebdevelopment.com/ckfinder/userfiles/files/link-check%205.zip,404
http://virginiabeachwebdevelopment.com/ckfinder/userfiles/files/bing_merchant_feed.txt,200
http://virginiabeachwebdevelopment.com/ckfinder/userfiles/files/bing_php.txt,200
http://virginiabeachwebdevelopment.com/rss.xml,200
http://virginiabeachwebdevelopment.com/blog/feed,200
http://virginiabeachwebdevelopment.com/blog/1/feed,200
http://virginiabeachwebdevelopment.com/clients,301
http://virginiabeachwebdevelopment.com/code-samples,301
http://virginiabeachwebdevelopment.com/customer-magnetism,404
http://virginiabeachwebdevelopment.com/insercorp,404
http://virginiabeachwebdevelopment.com/studio-center-total-production,404
http://virginiabeachwebdevelopment.com/target-electronic-marketing,404
http://www.virginiabeachwebdevelopment.com/portfolio/clients/#sthash.yNFmElsY.dpuf,301
http://virginiabeachwebdevelopment.com/ckfinder/userfiles/files/CustomCMSV1documentation_1.pdf,200
http://virginiabeachwebdevelopment.com/ckfinder/userfiles/files/banktransfers.zip,200
http://virginiabeachwebdevelopment.com/ckfinder/userfiles/files/winpasswordtool.zip,200
http://virginiabeachwebdevelopment.com/ckfinder/userfiles/files/vectec.zip,200
http://virginiabeachwebdevelopment.com/ckfinder/userfiles/files/db2.zip,200
http://virginiabeachwebdevelopment.com/ckfinder/userfiles/files/seo_oscommerce.zip,200
http://virginiabeachwebdevelopment.com/ckfinder/userfiles/files/iPhone.zip,200
http://virginiabeachwebdevelopment.com/ckfinder/userfiles/files/iDecide.zip,200
http://virginiabeachwebdevelopment.com/tweets?page=9,200
http://virginiabeachwebdevelopment.com/tweets?page=10,200
http://virginiabeachwebdevelopment.com/tweets?page=11,200
http://virginiabeachwebdevelopment.com/tweets?page=12,200
http://virginiabeachwebdevelopment.com/rob?page=1,404
http://virginiabeachwebdevelopment.com/rob?page=2,404
http://virginiabeachwebdevelopment.com/rob?page=3,404
http://virginiabeachwebdevelopment.com/rob?page=4,404
http://virginiabeachwebdevelopment.com/rob?page=5,404
http://virginiabeachwebdevelopment.com/rob?page=6,404
http://virginiabeachwebdevelopment.com/rob?page=7,404
http://virginiabeachwebdevelopment.com/rob?page=8,404
http://virginiabeachwebdevelopment.com/web-development-blog/three-most-common-methods-gaining-backlinks,200
http://virginiabeachwebdevelopment.com/comment/reply/99#comment-form,200
http://virginiabeachwebdevelopment.com/web-development-blog/sitemaps-all-them-primer,200
http://virginiabeachwebdevelopment.com/#textsm,404
http://virginiabeachwebdevelopment.com/#htmlsm,404
http://virginiabeachwebdevelopment.com/#xmlsm,404
http://virginiabeachwebdevelopment.com/#sitemapindexsm,404
http://virginiabeachwebdevelopment.com/#rorsm,404
http://virginiabeachwebdevelopment.com/#linkssm,404
http://virginiabeachwebdevelopment.com/comment/reply/98#comment-form,200
http://virginiabeachwebdevelopment.com/web-development-blog/responsive-design-what-it,200
http://virginiabeachwebdevelopment.com/comment/reply/97#comment-form,200
http://virginiabeachwebdevelopment.com/web-development-blog/seamless-name-server-migration,200
http://virginiabeachwebdevelopment.com/comment/reply/96#comment-form,200
http://virginiabeachwebdevelopment.com/web-development-blog/how-edit-your-mac-osx-hosts-file,200
http://virginiabeachwebdevelopment.com/comment/reply/95#comment-form,200
http://virginiabeachwebdevelopment.com/web-development-blog/event-actions-jwplayer-javascript-library,200
http://virginiabeachwebdevelopment.com/web-development-blog/event-actions-jwplayer-javascript-library#comments,404
http://virginiabeachwebdevelopment.com/comment/reply/94#comment-form,200
http://virginiabeachwebdevelopment.com/web-development-blog/editing-your-windows-host-file,200
http://virginiabeachwebdevelopment.com/comment/reply/93#comment-form,200
http://virginiabeachwebdevelopment.com/web-development-blog/speed-testing-your-apache-web-server-apachebench,200
http://virginiabeachwebdevelopment.com/comment/reply/92#comment-form,200
http://virginiabeachwebdevelopment.com/web-development-blog/tips-using-google-pagespeed-yahoo-yslow,200
http://virginiabeachwebdevelopment.com/comment/reply/91#comment-form,200
http://virginiabeachwebdevelopment.com/web-development-blog/adding-site-speed-google-analytics,200
http://virginiabeachwebdevelopment.com/comment/reply/90#comment-form,200
http://virginiabeachwebdevelopment.com/web-development-blog/magento-reset-default-product-images,200
http://virginiabeachwebdevelopment.com/comment/reply/89#comment-form,200
http://virginiabeachwebdevelopment.com/web-development-blog/using-jquery-update-image-sizes-fill-mobile-displays,200
http://virginiabeachwebdevelopment.com/comment/reply/88#comment-form,200
http://virginiabeachwebdevelopment.com/web-development-blog/programmatically-importing-products-magento,200
http://virginiabeachwebdevelopment.com/web-development-blog/programmatically-importing-products-magento#comments,404
http://virginiabeachwebdevelopment.com/comment/reply/87#comment-form,200
http://virginiabeachwebdevelopment.com/web-development-blog/parallax-scrolling,200
http://virginiabeachwebdevelopment.com/comment/reply/86#comment-form,200
http://virginiabeachwebdevelopment.com/web-development-blog/generating-xml-sitemaps-concrete5,200
http://virginiabeachwebdevelopment.com/comment/reply/85#comment-form,200
http://virginiabeachwebdevelopment.com/web-development-blog/robotstxt-tips-and-tricks,200
http://virginiabeachwebdevelopment.com/comment/reply/84#comment-form,200
http://virginiabeachwebdevelopment.com/web-development-blog/concrete5-cache-settings,200
http://virginiabeachwebdevelopment.com/comment/reply/83#comment-form,200
http://virginiabeachwebdevelopment.com/web-development-blog/reasons-why-you-should-not-use-base64-encoded-images-within-your-css-and-html,200
http://virginiabeachwebdevelopment.com/comment/reply/82#comment-form,200
http://virginiabeachwebdevelopment.com/web-development-blog/email-marketing-basics,200
http://virginiabeachwebdevelopment.com/comment/reply/81#comment-form,200
http://virginiabeachwebdevelopment.com/web-development-blog/css3-linear-gradients,200
http://virginiabeachwebdevelopment.com/comment/reply/80#comment-form,200
http://virginiabeachwebdevelopment.com/web-development-blog/chuck-seo-rapper,200
http://virginiabeachwebdevelopment.com/comment/reply/79#comment-form,200
http://virginiabeachwebdevelopment.com/web-development-blog/generating-new-theme-magento-using-default-base-theme,200
http://virginiabeachwebdevelopment.com/comment/reply/78#comment-form,200
http://virginiabeachwebdevelopment.com/web-development-blog/stripping-audio-video-using-ffmpeg-mp3-ogg-or-other-formats,200
http://virginiabeachwebdevelopment.com/comment/reply/77#comment-form,200
http://virginiabeachwebdevelopment.com/web-development-blog/studio-center-asks-your-web-guy,200
http://virginiabeachwebdevelopment.com/comment/reply/76#comment-form,200
http://virginiabeachwebdevelopment.com/web-development-blog/fireworks-mt-trashmore-virginia-beach-virginia,200
http://virginiabeachwebdevelopment.com/comment/reply/75#comment-form,200
http://virginiabeachwebdevelopment.com/web-development-blog/css-based-browser-image-resizing,200
http://virginiabeachwebdevelopment.com/comment/reply/74#comment-form,200
http://virginiabeachwebdevelopment.com/web-development-blog/simple-css-based-drop-down-menu-systems,200
http://virginiabeachwebdevelopment.com/comment/reply/73#comment-form,200
http://virginiabeachwebdevelopment.com/web-development-blog/concreate-5-overriding-default-document-header-meta,200
http://virginiabeachwebdevelopment.com/comment/reply/72#comment-form,200
http://virginiabeachwebdevelopment.com/web-development-blog/clear-your-magento-cache-without-using-your-admin-pages,200
http://virginiabeachwebdevelopment.com/comment/reply/71#comment-form,200
http://virginiabeachwebdevelopment.com/web-development-blog/php-tidy-clean-your-markup-fly,200
http://virginiabeachwebdevelopment.com/comment/reply/70#comment-form,200
http://virginiabeachwebdevelopment.com/web-development-blog/using-wget-windows-mirror-entire-website,200
http://virginiabeachwebdevelopment.com/comment/reply/69#comment-form,200
http://virginiabeachwebdevelopment.com/web-development-blog/filezilla-how-display-hidden-files,200
http://virginiabeachwebdevelopment.com/comment/reply/68#comment-form,200
http://virginiabeachwebdevelopment.com/web-development-blog/magento-adding-css-and-javascript-includes-home-page-only,200
http://virginiabeachwebdevelopment.com/comment/reply/67#comment-form,200
http://virginiabeachwebdevelopment.com/web-development-blog/filezilla-my-files-are-getting-extra-line-breaks-where-they-should-not-how-do-i,200
http://virginiabeachwebdevelopment.com/comment/reply/66#comment-form,200
http://virginiabeachwebdevelopment.com/web-development-blog/wordpress-mega-ping-back-list,200
http://virginiabeachwebdevelopment.com/comment/reply/65#comment-form,200
http://virginiabeachwebdevelopment.com/web-development-blog/my-pick-best-chrome-plugin-use-web-development,200
http://virginiabeachwebdevelopment.com/comment/reply/64#comment-form,200
http://virginiabeachwebdevelopment.com/web-development-blog/my-pick-best-firefox-extensions-web-development,200
http://virginiabeachwebdevelopment.com/comment/reply/63#comment-form,200
http://virginiabeachwebdevelopment.com/web-development-blog/best-wordpress-plugins-visibility-seo-functional,200
http://virginiabeachwebdevelopment.com/web-development-blog/best-wordpress-plugins-visibility-seo-functional#comments,404
http://virginiabeachwebdevelopment.com/comment/reply/62#comment-form,200
http://virginiabeachwebdevelopment.com/web-development-blog/zend-framework-moving-your-database-connection-outside-applicationini-file,200
http://virginiabeachwebdevelopment.com/comment/reply/61#comment-form,200
http://virginiabeachwebdevelopment.com/web-development-blog/add-zend-framework-full-page-cache-your-bootstrap,200
http://virginiabeachwebdevelopment.com/comment/reply/60#comment-form,200
http://virginiabeachwebdevelopment.com/web-development-blog/redirecting-documents-php-apache-and-modrewrite,200
http://virginiabeachwebdevelopment.com/comment/reply/59#comment-form,200
http://virginiabeachwebdevelopment.com/web-development-blog/convert-video-iphone-friendly-h264-ffmpeg,200
http://virginiabeachwebdevelopment.com/comment/reply/57#comment-form,200
http://virginiabeachwebdevelopment.com/web-development-blog/yoda-search-or-way-i-have-been-using-google-last-12-years,200
http://virginiabeachwebdevelopment.com/comment/reply/56#comment-form,200
http://virginiabeachwebdevelopment.com/web-development-blog/modifying-apache-config-file-%E2%80%93-extended,404
http://virginiabeachwebdevelopment.com/comment/reply/55#comment-form,200
http://virginiabeachwebdevelopment.com/node/54,200
http://virginiabeachwebdevelopment.com/comment/reply/54#comment-form,200
http://virginiabeachwebdevelopment.com/web-development-blog/wamp-mysql-web-development-environment-configuration,200
http://virginiabeachwebdevelopment.com/comment/reply/53#comment-form,200
http://virginiabeachwebdevelopment.com/web-development-blog/zend-framework-user-authentication,200
http://virginiabeachwebdevelopment.com/comment/reply/52#comment-form,200
http://virginiabeachwebdevelopment.com/web-development-blog/installing-wamp-or-windows-apache-mysql-php,200
http://virginiabeachwebdevelopment.com/comment/reply/51#comment-form,200
http://virginiabeachwebdevelopment.com/web-development-blog/zend-framework-action-helpers,200
http://virginiabeachwebdevelopment.com/comment/reply/50#comment-form,200
http://virginiabeachwebdevelopment.com/web-development-blog/document-compression-iis-7-and-apache,200
http://virginiabeachwebdevelopment.com/comment/reply/49#comment-form,200
http://virginiabeachwebdevelopment.com/blog?page=9,200
http://virginiabeachwebdevelopment.com/web-development-blog/installing-mysql-server-centos,200
http://virginiabeachwebdevelopment.com/comment/reply/48#comment-form,200
http://virginiabeachwebdevelopment.com/web-development-blog/microsoft-sql-server-dts-packages,200
http://virginiabeachwebdevelopment.com/comment/reply/47#comment-form,200
http://virginiabeachwebdevelopment.com/web-development-blog/why-are-my-absolute-elements-not-being-aligned-within-their-parent-element,200
http://virginiabeachwebdevelopment.com/comment/reply/46#comment-form,200
http://virginiabeachwebdevelopment.com/web-development-blog/indirect-directrelative-links,200
http://virginiabeachwebdevelopment.com/comment/reply/45#comment-form,200
http://virginiabeachwebdevelopment.com/web-development-blog/zend-framework-user-authentication-action-helper,200
http://virginiabeachwebdevelopment.com/comment/reply/44#comment-form,200
http://virginiabeachwebdevelopment.com/web-development-blog/top-ten-games-last-ten-years,200
http://virginiabeachwebdevelopment.com/comment/reply/43#comment-form,200
http://virginiabeachwebdevelopment.com/web-development-blog/keywords-they-are-everywhere,200
http://virginiabeachwebdevelopment.com/comment/reply/42#comment-form,200
http://virginiabeachwebdevelopment.com/web-development-blog/css-external-inline-embedded-which-one-should-matter-you,200
http://virginiabeachwebdevelopment.com/comment/reply/41#comment-form,200
http://virginiabeachwebdevelopment.com/web-development-blog/javascript-and-jquery-content-movers,200
http://virginiabeachwebdevelopment.com/comment/reply/40#comment-form,200
http://virginiabeachwebdevelopment.com/web-development-blog/css-positioning-and-floats,200
http://virginiabeachwebdevelopment.com/comment/reply/39#comment-form,200
http://virginiabeachwebdevelopment.com/web-development-blog/oscommerce-yes-i-develop-modules-it,200
http://virginiabeachwebdevelopment.com/comment/reply/38#comment-form,200
http://virginiabeachwebdevelopment.com/web-development-blog/social-gaming-what-it,200
http://virginiabeachwebdevelopment.com/comment/reply/37#comment-form,200
http://virginiabeachwebdevelopment.com/web-development-blog/sitemaps-what-are-they-and-should-i-use-them,200
http://virginiabeachwebdevelopment.com/comment/reply/36#comment-form,200
http://virginiabeachwebdevelopment.com/web-development-blog/adding-images-your-html-documents,200
http://virginiabeachwebdevelopment.com/comment/reply/35#comment-form,200
http://virginiabeachwebdevelopment.com/web-development-blog/document-type-definitions-introducton,200
http://virginiabeachwebdevelopment.com/comment/reply/34#comment-form,200
http://virginiabeachwebdevelopment.com/web-development-blog/using-sql-select-statements-primer,200
http://virginiabeachwebdevelopment.com/comment/reply/33#comment-form,200
http://virginiabeachwebdevelopment.com/web-development-blog/dragon-age-origins-quick-review,200
http://virginiabeachwebdevelopment.com/comment/reply/32#comment-form,200
http://virginiabeachwebdevelopment.com/web-development-blog/seo-basics-search-engine-friendly-links,200
http://virginiabeachwebdevelopment.com/comment/reply/31#comment-form,200
http://virginiabeachwebdevelopment.com/web-development-blog/php-and-foreach-loops,200
http://virginiabeachwebdevelopment.com/comment/reply/29#comment-form,200
http://virginiabeachwebdevelopment.com/web-development-blog/seo-basics-seo-and-you,200
http://virginiabeachwebdevelopment.com/comment/reply/28#comment-form,200
http://virginiabeachwebdevelopment.com/web-development-blog/seo-basics-anchor-text,200
http://virginiabeachwebdevelopment.com/comment/reply/27#comment-form,200
http://virginiabeachwebdevelopment.com/web-development-blog/einhander-playstation,200
http://virginiabeachwebdevelopment.com/comment/reply/26#comment-form,200
http://virginiabeachwebdevelopment.com/web-development-blog/super-turrican-snes,200
http://virginiabeachwebdevelopment.com/comment/reply/23#comment-form,200
http://virginiabeachwebdevelopment.com/web-development-blog/working-php-sessions,200
http://virginiabeachwebdevelopment.com/comment/reply/25#comment-form,200
http://virginiabeachwebdevelopment.com/web-development-blog/seo-basics-alt-title-tags,200
http://virginiabeachwebdevelopment.com/comment/reply/24#comment-form,200
http://virginiabeachwebdevelopment.com/web-development-blog/windows-7-week-review,200
http://virginiabeachwebdevelopment.com/comment/reply/22#comment-form,200
http://virginiabeachwebdevelopment.com/web-development-blog/super-bomberman-snes,200
http://virginiabeachwebdevelopment.com/comment/reply/21#comment-form,200
http://virginiabeachwebdevelopment.com/web-development-blog/seo-basics-page-layout,200
http://virginiabeachwebdevelopment.com/comment/reply/20#comment-form,200
http://virginiabeachwebdevelopment.com/web-development-blog/adventure-island-nes,200
http://virginiabeachwebdevelopment.com/comment/reply/17#comment-form,200
http://virginiabeachwebdevelopment.com/web-development-blog/using-php-array-values,200
http://virginiabeachwebdevelopment.com/comment/reply/18#comment-form,200
http://virginiabeachwebdevelopment.com/portfolio/clients/%23sthash.yNFmElsY.dpuf,404
http://virginiabeachwebdevelopment.com/tweets?page=13,200
http://virginiabeachwebdevelopment.com/tweets?page=14,200
http://virginiabeachwebdevelopment.com/tweets?page=15,200
http://virginiabeachwebdevelopment.com/tweets?page=16,200
http://virginiabeachwebdevelopment.com/event-actions-jwplayer-javascript-library/,301
http://virginiabeachwebdevelopment.com/web-development-blog/event-actions-jwplayer-javascript-library/,301
http://virginiabeachwebdevelopment.com/editing-your-windows-host-file/,301
http://virginiabeachwebdevelopment.com/web-development-blog/editing-your-windows-host-file/,301
http://virginiabeachwebdevelopment.com/event-actions-jwplayer-javascript-library#comment-form,404
http://virginiabeachwebdevelopment.com/comment/949#comment-949,404
http://virginiabeachwebdevelopment.com/comment/reply/94/949,200
http://virginiabeachwebdevelopment.com/web-development-blog/event-actions-jwplayer-javascript-library#comment-form,404
http://www.virginiabeachwebdevelopment.com,301
http://virginiabeachwebdevelopment.com/how-edit-your-mac-osx-hosts-file/,301
http://virginiabeachwebdevelopment.com/web-development-blog/how-edit-your-mac-osx-hosts-file/,301
https://developers.google.com/speed/pagespeed/insights#url=http_3A_2F_2Fwww.virginiabeachwebdevelopment.com&amp;mobile=false,404
http://virginiabeachwebdevelopment.com/programmatically-importing-products-magento#comment-form,404
http://virginiabeachwebdevelopment.com/comment/967#comment-967,404
http://virginiabeachwebdevelopment.com/comment/reply/87/967,200
http://virginiabeachwebdevelopment.com/comment/989#comment-989,404
http://virginiabeachwebdevelopment.com/comment/reply/87/989,200
http://virginiabeachwebdevelopment.com/comment/999#comment-999,404
http://virginiabeachwebdevelopment.com/comment/reply/87/999,200
http://virginiabeachwebdevelopment.com/web-development-blog/programmatically-importing-products-magento#comment-form,404
http://virginiabeachwebdevelopment.com/tools/required/jobs?auth=someauthkey,404
http://virginiabeachwebdevelopment.com/web-development/generating-theme-magento-default-base-theme/,301
http://virginiabeachwebdevelopment.com/best-wordpress-plugins-visibility-seo-functional#comment-form,404
http://virginiabeachwebdevelopment.com/comment/964#comment-964,404
http://virginiabeachwebdevelopment.com/comment/reply/62/964,200
http://virginiabeachwebdevelopment.com/web-development-blog/best-wordpress-plugins-visibility-seo-functional#comment-form,404
http://virginiabeachwebdevelopment.com/links/,301
http://virginiabeachwebdevelopment.com/mailto:admin@localhost,404
http://virginiabeachwebdevelopment.com/mailto:admin@mydomain.com,404
http://virginiabeachwebdevelopment.com/web-development-blog/seo-basics,200
http://virginiabeachwebdevelopment.com/comment/reply/19#comment-form,200
http://virginiabeachwebdevelopment.com/web-development-blog/adventures-lolo-nes,200
http://virginiabeachwebdevelopment.com/comment/reply/16#comment-form,200
http://virginiabeachwebdevelopment.com/web-development-blog/wordpress-seo-plug,200
http://virginiabeachwebdevelopment.com/comment/reply/15#comment-form,200
http://virginiabeachwebdevelopment.com/web-development-blog/windows-7-vista-upgrade,200
http://virginiabeachwebdevelopment.com/comment/reply/13#comment-form,200
http://virginiabeachwebdevelopment.com/web-development/zend-framework-user-authentication/,301
http://virginiabeachwebdevelopment.com/seo-basics-anchor-text/,301
http://virginiabeachwebdevelopment.com/seo-basics-page-layout/,301
http://virginiabeachwebdevelopment.com/seo-basics-seo-and-you/,301
http://virginiabeachwebdevelopment.com/web-development-blog/seo-basics-anchor-text/,301
http://virginiabeachwebdevelopment.com/web-development-blog/seo-basics-page-layout/,301
http://virginiabeachwebdevelopment.com/web-development-blog/seo-basics-seo-and-you/,301
http://virginiabeachwebdevelopment.com/tweets?page=17,200
http://virginiabeachwebdevelopment.com/tweets?page=18,200
http://virginiabeachwebdevelopment.com/tweets?page=19,200
http://virginiabeachwebdevelopment.com/tweets?page=20,200
http://virginiabeachwebdevelopment.com/949,404
http://virginiabeachwebdevelopment.com/967,404
http://virginiabeachwebdevelopment.com/989,404
http://virginiabeachwebdevelopment.com/999,404
http://virginiabeachwebdevelopment.com/964,404
http://virginiabeachwebdevelopment.com/tweets?page=21,200
http://virginiabeachwebdevelopment.com/tweets?page=22,200
http://virginiabeachwebdevelopment.com/tweets?page=23,200
http://virginiabeachwebdevelopment.com/tweets?page=24,200
http://virginiabeachwebdevelopment.com/tweets?page=25,200
http://virginiabeachwebdevelopment.com/tweets?page=26,200
http://virginiabeachwebdevelopment.com/tweets?page=27,200
http://virginiabeachwebdevelopment.com/tweets?page=28,200
http://virginiabeachwebdevelopment.com/tweets?page=29,200
http://virginiabeachwebdevelopment.com/tweets?page=30,200
http://virginiabeachwebdevelopment.com/tweets?page=31,200
http://virginiabeachwebdevelopment.com/tweets?page=32,200
http://virginiabeachwebdevelopment.com/tweets?page=33,200
http://virginiabeachwebdevelopment.com/tweets?page=34,200
http://virginiabeachwebdevelopment.com/tweets?page=35,200
http://virginiabeachwebdevelopment.com/tweets?page=36,200
http://virginiabeachwebdevelopment.com/tweets?page=37,200
http://virginiabeachwebdevelopment.com/tweets?page=38,200
http://virginiabeachwebdevelopment.com/tweets?page=39,200
http://virginiabeachwebdevelopment.com/tweets?page=40,200
http://virginiabeachwebdevelopment.com/tweets?page=41,200
http://virginiabeachwebdevelopment.com/tweets?page=42,200
http://virginiabeachwebdevelopment.com/tweets?page=43,200
http://virginiabeachwebdevelopment.com/tweets?page=44,200
http://virginiabeachwebdevelopment.com/tweets?page=45,200
http://virginiabeachwebdevelopment.com/tweets?page=46,200
http://virginiabeachwebdevelopment.com/tweets?page=47,200
http://virginiabeachwebdevelopment.com/tweets?page=48,200
http://virginiabeachwebdevelopment.com/tweets?page=49,200
http://virginiabeachwebdevelopment.com/tweets?page=50,200
http://virginiabeachwebdevelopment.com/tweets?page=51,200
http://virginiabeachwebdevelopment.com/tweets?page=52,200
http://virginiabeachwebdevelopment.com/tweets?page=53,200
http://virginiabeachwebdevelopment.com/tweets?page=54,200
http://virginiabeachwebdevelopment.com/tweets?page=55,200
http://virginiabeachwebdevelopment.com/tweets?page=56,200
